Date,MaxT,MinT,AvgT,Precip,Snow,SnowDepth
2009-06-02,,,,1.09,,
2009-06-04,,,,0.39,,
2009-06-05,,,,0.00,0.0,
2009-06-06,,,,0.00,0.0,
2009-06-07,,,,0.00,0.0,
2009-06-08,,,,0.25,,
2009-06-09,,,,0.00,0.0,
2009-06-10,,,,0.02,,
2009-06-11,,,,0.60,,
2009-06-12,,,,0.96,,
2009-06-13,,,,0.01,,
2009-06-14,,,,0.00,,
2009-06-15,,,,0.00,0.0,
2009-06-16,,,,0.00,,
2009-06-17,,,,0.19,,
2009-06-19,,,,0.00,0.0,
2009-06-20,,,,0.33,,
2009-06-21,,,,0.00,0.0,
2009-06-22,,,,0.00,,
2009-06-23,,,,0.38,,
2009-06-24,,,,0.00,0.0,
2009-06-26,,,,0.00,0.0,
2009-06-27,,,,0.00,0.0,
2009-06-28,,,,0.00,0.0,
2009-06-29,,,,0.00,0.0,
2009-06-30,,,,0.00,0.0,
2009-07-02,,,,0.03,,
2009-07-03,,,,0.00,0.0,
2009-07-04,,,,0.00,0.0,
2009-07-05,,,,0.59,,
2009-07-06,,,,0.00,0.0,
2009-07-08,,,,0.01,,
2009-07-09,,,,0.24,,
2009-07-10,,,,0.01,,
2009-07-12,,,,0.29,,
2009-07-13,,,,0.00,0.0,
2009-07-14,,,,0.00,0.0,
2009-07-15,,,,0.00,0.0,
2009-07-16,,,,0.27,,
2009-07-17,,,,0.00,0.0,
2009-07-18,,,,0.00,0.0,
2009-07-19,,,,0.00,0.0,
2009-07-20,,,,0.00,0.0,
2009-07-21,,,,0.00,0.0,
2009-07-22,,,,0.00,0.0,
2009-07-23,,,,0.18,,
2009-07-24,,,,0.03,,
2009-07-25,,,,0.42,,
2009-07-26,,,,0.00,0.0,
2009-07-27,,,,0.00,0.0,
2009-07-28,,,,0.00,0.0,
2009-07-29,,,,0.98,,
2009-07-30,,,,0.00,,
2009-07-31,,,,0.00,0.0,
2009-08-01,,,,0.00,0.0,
2009-08-02,,,,0.05,,
2009-08-03,,,,0.00,0.0,
2009-08-04,,,,0.02,,
2009-08-05,,,,0.55,,
2009-08-06,,,,0.00,0.0,
2009-08-07,,,,0.00,0.0,
2009-08-08,,,,0.07,,
2009-08-09,,,,0.00,0.0,
2009-08-10,,,,0.00,0.0,
2009-08-11,,,,0.00,0.0,
2009-08-12,,,,0.00,0.0,
2009-08-13,,,,0.00,0.0,
2009-08-14,,,,0.00,0.0,
2009-08-15,,,,0.00,0.0,
2009-08-16,,,,0.00,0.0,
2009-08-17,,,,0.06,,
2009-08-18,,,,1.55,,
2009-08-19,,,,0.00,0.0,
2009-08-20,,,,0.61,,
2009-08-21,,,,0.85,,
2009-08-22,,,,0.13,,
2009-08-23,,,,0.00,0.0,
2009-08-24,,,,0.00,0.0,
2009-08-25,,,,0.00,0.0,
2009-08-26,,,,0.00,0.0,
2009-08-27,,,,0.00,0.0,
2009-08-28,,,,0.07,0.0,
2009-08-29,,,,0.20,,
2009-08-30,,,,0.01,,
2009-08-31,,,,0.00,0.0,
2009-09-01,,,,0.00,0.0,
2009-09-02,,,,0.00,0.0,
2009-09-03,,,,0.00,0.0,
2009-09-04,,,,0.00,0.0,
2009-09-05,,,,0.00,0.0,
2009-09-06,,,,0.00,0.0,
2009-09-07,,,,0.00,0.0,
2009-09-09,,,,0.10,,
2009-09-10,,,,0.00,,
2009-09-11,,,,0.00,0.0,
2009-09-12,,,,0.00,0.0,
2009-09-13,,,,0.00,0.0,
2009-09-14,,,,0.00,0.0,
2009-09-15,,,,0.00,0.0,
2009-09-16,,,,0.00,0.0,
2009-09-17,,,,0.00,0.0,
2009-09-18,,,,0.00,0.0,
2009-09-20,,,,0.00,0.0,
2009-09-21,,,,0.00,0.0,
2009-09-22,,,,0.01,,
2009-09-23,,,,0.09,,
2009-09-24,,,,0.04,,
2009-09-25,,,,0.13,,
2009-09-26,,,,0.11,,
2009-09-27,,,,0.00,,
2009-09-28,,,,0.00,0.0,
2009-09-29,,,,0.00,0.0,
2009-09-30,,,,0.00,0.0,
2009-10-01,,,,0.00,0.0,
2009-10-02,,,,0.66,,
2009-10-03,,,,0.03,,
2009-10-05,,,,0.00,0.0,
2009-10-06,,,,0.00,0.0,
2009-10-07,,,,0.12,,
2009-10-08,,,,0.00,0.0,
2009-10-09,,,,1.08,,
2009-10-10,,,,0.50,,
2009-10-11,,,,0.02,,
2009-10-12,,,,0.00,0.0,
2009-10-13,,,,0.08,,
2009-10-14,,,,0.05,,
2009-10-15,,,,0.29,,
2009-10-16,,,,0.05,,
2009-10-17,,,,0.04,,
2009-10-18,,,,0.00,0.0,
2009-10-19,,,,0.00,0.0,
2009-10-20,,,,0.00,0.0,
2009-10-21,,,,0.00,0.0,
2009-10-22,,,,0.00,0.0,
2009-10-23,,,,1.07,,
2009-10-24,,,,0.05,,
2009-10-25,,,,0.00,,
2009-10-26,,,,0.00,0.0,
2009-10-27,,,,0.03,,
2009-10-28,,,,0.32,,
2009-10-29,,,,0.00,0.0,
2009-10-30,,,,0.13,,
2009-10-31,,,,0.64,,
2009-11-02,,,,0.00,0.0,
2009-11-03,,,,0.00,0.0,
2009-11-04,,,,0.00,0.0,
2009-11-05,,,,0.00,0.0,
2009-11-06,,,,0.00,0.0,
2009-11-07,,,,0.00,0.0,
2009-11-08,,,,0.00,0.0,
2009-11-09,,,,0.00,0.0,
2009-11-10,,,,0.00,0.0,
2009-11-11,,,,0.00,0.0,
2009-11-12,,,,0.00,0.0,
2009-11-13,,,,0.00,0.0,
2009-11-14,,,,0.00,0.0,
2009-11-15,,,,0.00,0.0,
2009-11-16,,,,0.95,,
2009-11-17,,,,0.34,,
2009-11-18,,,,0.75,,
2009-11-19,,,,0.05,,
2009-11-20,,,,0.16,,
2009-11-21,,,,0.01,,
2009-11-22,,,,0.00,0.0,
2009-11-23,,,,0.00,0.0,
2009-11-24,,,,0.00,0.0,
2009-11-25,,,,0.20,,
2009-11-26,,,,0.24,,
2009-11-27,,,,0.04,,
2009-11-28,,,,0.01,,
2009-11-29,,,,0.01,,
2009-11-30,,,,0.10,,
2009-12-01,,,,0.00,0.0,
2009-12-02,,,,0.00,0.0,
2009-12-03,,,,0.69,,
2009-12-06,,,,0.00,0.0,
2009-12-07,,,,0.01,,
2009-12-08,,,,0.00,0.0,
2009-12-09,,,,0.85,,
2009-12-10,,,,0.00,,
2009-12-13,,,,0.51,,
2009-12-14,,,,0.01,,
2009-12-16,,,,0.00,0.0,
2009-12-18,,,,0.00,0.0,
2009-12-22,,,,0.15,,
2010-01-04,,,,0.00,0.0,
2010-01-09,,,,0.00,,
2010-04-04,,,,0.35,,
2010-04-05,,,,0.00,0.0,
